{
 "S8 \u00ab\u0421\u043a\u0432\u0438\u0437\u00bb": {
  "IS": {
   "n_bars": 438,
   "total_return": -0.385564132304441,
   "cagr": -0.3336069386797694,
   "vol_ann": 0.5779060817618538,
   "sharpe": -0.4126388718395341,
   "sortino": -0.5363409710719722,
   "max_dd": -0.5540289025410396,
   "calmar": -0.6021471752641235
  },
  "OOS": {
   "n_bars": 292,
   "total_return": 0.3268009154301983,
   "cagr": 0.42399086445007006,
   "vol_ann": 0.5642688639284297,
   "sharpe": 0.902412446969353,
   "sortino": 1.4068317659217529,
   "max_dd": -0.29961996907480626,
   "calmar": 1.4150954816506642
  }
 },
 "S4 \u00ab\u0427\u0435\u0440\u0435\u043f\u0430\u0445\u0430\u00bb-20": {
  "IS": {
   "n_bars": 438,
   "total_return": -0.3169309671148699,
   "cagr": -0.27212998161452917,
   "vol_ann": 0.6033979546330652,
   "sharpe": -0.22395582796454042,
   "sortino": -0.3262688818534092,
   "max_dd": -0.5002965224130393,
   "calmar": -0.5439373839777796
  },
  "OOS": {
   "n_bars": 292,
   "total_return": 0.17374019352868553,
   "cagr": 0.22170111715657392,
   "vol_ann": 0.4992803579032163,
   "sharpe": 0.6470137620285563,
   "sortino": 0.9784582868560959,
   "max_dd": -0.28821614525592576,
   "calmar": 0.7692182440359514
  }
 },
 "S4 \u00ab\u0427\u0435\u0440\u0435\u043f\u0430\u0445\u0430\u00bb-55": {
  "IS": {
   "n_bars": 438,
   "total_return": -0.19533826143686606,
   "cagr": -0.16565732135309863,
   "vol_ann": 0.5615928050873472,
   "sharpe": -0.04043301388853887,
   "sortino": -0.053067940347706025,
   "max_dd": -0.5652957197526337,
   "calmar": -0.2930454195294247
  },
  "OOS": {
   "n_bars": 292,
   "total_return": 0.17638382736913116,
   "cagr": 0.22514165623331062,
   "vol_ann": 0.5477888969666836,
   "sharpe": 0.6399131243886154,
   "sortino": 0.9635559344298846,
   "max_dd": -0.2873713446292846,
   "calmar": 0.7834520053617328
  }
 },
 "S1 \u00ab\u0424\u043b\u044e\u0433\u0435\u0440\u00bb": {
  "IS": {
   "n_bars": 438,
   "total_return": -0.2905136075265832,
   "cagr": -0.24874612469408675,
   "vol_ann": 0.5877014548063981,
   "sharpe": -0.1924066006586914,
   "sortino": -0.27938876101039445,
   "max_dd": -0.5064596224763589,
   "calmar": -0.4911470009747875
  },
  "OOS": {
   "n_bars": 292,
   "total_return": 0.15054746272119202,
   "cagr": 0.19160049176108918,
   "vol_ann": 0.4832915925380932,
   "sharpe": 0.6017061076647728,
   "sortino": 0.8903565922531993,
   "max_dd": -0.2888673799635295,
   "calmar": 0.6632818554496509
  }
 },
 "S6 \u00ab\u041e\u0440\u043a\u0435\u0441\u0442\u0440\u00bb": {
  "IS": {
   "n_bars": 438,
   "total_return": -0.18575511759191032,
   "cagr": -0.15738497670025564,
   "vol_ann": 0.18659922567728066,
   "sharpe": -0.823531507721604,
   "sortino": -0.8749599047334615,
   "max_dd": -0.24002294549095782,
   "calmar": -0.6557080464883499
  },
  "OOS": {
   "n_bars": 292,
   "total_return": 0.01590394453428834,
   "cagr": 0.019919295780471025,
   "vol_ann": 0.18205847718167695,
   "sharpe": 0.19799724852978845,
   "sortino": 0.3102315741982656,
   "max_dd": -0.15367880264464928,
   "calmar": 0.12961641708343025
  }
 },
 "S3 \u00ab\u0421\u043f\u0440\u0435\u0434\u00bb": {
  "IS": {
   "n_bars": 438,
   "total_return": -0.059494841559979306,
   "cagr": -0.04983072041657988,
   "vol_ann": 0.07476801322029396,
   "sharpe": -0.6462885983403361,
   "sortino": -0.4529660234612704,
   "max_dd": -0.10353960395862871,
   "calmar": -0.4812720786192182
  },
  "OOS": {
   "n_bars": 292,
   "total_return": -0.16735806439127188,
   "cagr": -0.20462332622382873,
   "vol_ann": 0.1947587728307661,
   "sharpe": -1.076233820340656,
   "sortino": -0.8833784437136718,
   "max_dd": -0.243752306328187,
   "calmar": -0.8394723697437546
  }
 },
 "S5 \u00ab\u041c\u0430\u044f\u0442\u043d\u0438\u043a\u00bb": {
  "IS": {
   "n_bars": 438,
   "total_return": -0.1312578030842363,
   "cagr": -0.11064374482234784,
   "vol_ann": 0.5177819307221284,
   "sharpe": 0.037881955005091825,
   "sortino": 0.03935243344416758,
   "max_dd": -0.41882521558412844,
   "calmar": -0.2641764170479442
  },
  "OOS": {
   "n_bars": 292,
   "total_return": -0.4630575720821052,
   "cagr": -0.5403686395005675,
   "vol_ann": 0.5473413829622726,
   "sharpe": -1.1325565493644167,
   "sortino": -1.1803317456223885,
   "max_dd": -0.5280247479583038,
   "calmar": -1.0233774867371148
  }
 },
 "S9 \u00ab\u0420\u043e\u0442\u0430\u0446\u0438\u044f\u00bb": {
  "IS": {
   "n_bars": 438,
   "total_return": 0.17090989337557483,
   "cagr": 0.1405199759593685,
   "vol_ann": 0.3677258495932674,
   "sharpe": 0.5414825660337705,
   "sortino": 0.7699947000930942,
   "max_dd": -0.4101661711510979,
   "calmar": 0.3425927973655425
  },
  "OOS": {
   "n_bars": 292,
   "total_return": -0.27673133182429044,
   "cagr": -0.33300194888299994,
   "vol_ann": 0.26192919805562415,
   "sharpe": -1.4139081699887364,
   "sortino": -1.933032438606118,
   "max_dd": -0.32232868735730047,
   "calmar": -1.0331129742537257
  }
 }
}