{"tf": "1d", "rows": [{"strategy": "S12 \u00ab\u0410\u0431\u0441\u043e\u0440\u0431\u0446\u0438\u044f\u00bb", "universe": "\u043d\u0435\u043b\u0438\u043a\u0432\u0438\u0434 mid+bot", "n": 202, "train": {"n_bars": 365, "total_return": 0.0, "cagr": 0.0, "vol_ann": 0.0, "sharpe": NaN, "sortino": NaN, "max_dd": 0.0, "calmar": NaN}, "valid": {"n_bars": 182, "total_return": 0.06993435255839331, "cagr": 0.145184777124312, "vol_ann": 0.10772589744266976, "sharpe": 1.3106545087422836, "sortino": 0.5174714487361604, "max_dd": -0.024316558290008006, "calmar": 5.970613743638643}, "test": {"n_bars": 183, "total_return": -0.0814668219649809, "cagr": -0.15590493074534795, "vol_ann": 0.07217954756698514, "sharpe": -2.311036314624728, "sortino": -0.5868603511983949, "max_dd": -0.0814668219649809, "calmar": -1.9137229977175838}, "verdict": "\u043c\u0435\u0440\u0442\u0432\u0430"}, {"strategy": "S11 \u00ab\u041d\u043e\u0432\u0438\u0447\u043e\u043a\u00bb", "universe": "\u0432\u0441\u044f \u0432\u0441\u0435\u043b\u0435\u043d\u043d\u0430\u044f, \u0448\u043e\u0440\u0442 \u043b\u0438\u0441\u0442\u0438\u043d\u0433\u043e\u0432", "n": 316, "train": {"n_bars": 365, "total_return": 0.05831410573921558, "cagr": 0.05831410573921558, "vol_ann": 0.10700981640486919, "sharpe": 0.5832073186480963, "sortino": 0.6556971507776872, "max_dd": -0.094680447355879, "calmar": 0.6159044170971029}, "valid": {"n_bars": 182, "total_return": 0.20253397379701643, "cagr": 0.44755410424011033, "vol_ann": 0.1736556665423619, "sharpe": 2.2160136009478157, "sortino": 3.4281734033159186, "max_dd": -0.04313365403517633, "calmar": 10.3759840025406}, "test": {"n_bars": 183, "total_return": 0.04346912172738793, "cagr": 0.08857466499649602, "vol_ann": 0.10848405494528185, "sharpe": 0.8366569355153327, "sortino": 0.8248092432759936, "max_dd": -0.05688362783300571, "calmar": 1.5571205348668382}, "verdict": "\u0416\u0418\u0412\u0410"}, {"strategy": "S8 \u043a\u043e\u043d\u0442\u0440\u043e\u043b\u044c", "universe": "\u043d\u0435\u043b\u0438\u043a\u0432\u0438\u0434 (\u043a\u043e\u043d\u0442\u0440\u043e\u043b\u044c)", "n": 202, "train": {"n_bars": 365, "total_return": -0.6305666944314676, "cagr": -0.6305666944314676, "vol_ann": 0.6286601580929356, "sharpe": -1.2652983628155134, "sortino": -1.5040216901113976, "max_dd": -0.651457395077564, "calmar": -0.9679323608820052}, "valid": {"n_bars": 182, "total_return": -0.3778071090868368, "cagr": -0.6138839903786559, "vol_ann": 0.6171639062954715, "sharpe": -1.2396051652613762, "sortino": -2.055075619245262, "max_dd": -0.44022518230763386, "calmar": -1.3944772244984103}, "test": {"n_bars": 183, "total_return": -0.2823263975376187, "cagr": -0.48401006671212454, "vol_ann": 0.47244910478318514, "sharpe": -1.1658988614102228, "sortino": -1.8004510559318747, "max_dd": -0.4424507946037016, "calmar": -1.0939297038570066}, "verdict": "\u043c\u0435\u0440\u0442\u0432\u0430"}]}